{
	"partitions" : [
		{
			"name" : "Top",
			"pins" : [
				{
					"name" : "LD",
					"strict" : false
				},
				{
					"name" : "ADD",
					"strict" : false
				},
				{
					"name" : "SUB",
					"strict" : false
				},
				{
					"name" : "AND",
					"strict" : false
				},
				{
					"name" : "OR",
					"strict" : false
				},
				{
					"name" : "HALT",
					"strict" : false
				},
				{
					"name" : "T[0]",
					"strict" : false
				},
				{
					"name" : "T[1]",
					"strict" : false
				},
				{
					"name" : "T[2]",
					"strict" : false
				},
				{
					"name" : "T[3]",
					"strict" : false
				},
				{
					"name" : "T[4]",
					"strict" : false
				},
				{
					"name" : "T[5]",
					"strict" : false
				},
				{
					"name" : "T[6]",
					"strict" : false
				},
				{
					"name" : "T[7]",
					"strict" : false
				},
				{
					"name" : "DATA_out[0]",
					"strict" : false
				},
				{
					"name" : "DATA_out[1]",
					"strict" : false
				},
				{
					"name" : "DATA_out[2]",
					"strict" : false
				},
				{
					"name" : "DATA_out[3]",
					"strict" : false
				},
				{
					"name" : "DATA_out[4]",
					"strict" : false
				},
				{
					"name" : "DATA_out[5]",
					"strict" : false
				},
				{
					"name" : "DATA_out[6]",
					"strict" : false
				},
				{
					"name" : "DATA_out[7]",
					"strict" : false
				},
				{
					"name" : "CLK",
					"strict" : false
				},
				{
					"name" : "CLRn",
					"strict" : false
				}
			]
		}
	]
}